checked_at,title,published,views,likes,comments,channel_subs
2026-09-15T07:39:14+00:00,Kuzguncuk'ta bir cumartesi,2026-09-13T10:56:41Z,660,9,4,6
2026-09-15T07:39:14+00:00,Mahallenin kedileri,2026-09-12T08:14:23Z,134,5,1,6
2026-09-15T07:39:14+00:00,Sabah Boğaz’da bisiklet sürmek..,2026-09-09T08:30:05Z,1094,11,1,6
2026-09-15T07:40:01+00:00,Kuzguncuk'ta bir cumartesi,2026-09-13T10:56:41Z,660,9,4,6
2026-09-15T07:40:01+00:00,Mahallenin kedileri,2026-09-12T08:14:23Z,134,5,1,6
2026-09-15T07:40:01+00:00,Sabah Boğaz’da bisiklet sürmek..,2026-09-09T08:30:05Z,1094,11,1,6
2026-09-15T08:40:03+00:00,Kuzguncuk'ta bir cumartesi,2026-09-13T10:56:41Z,674,9,4,6
2026-09-15T08:40:03+00:00,Mahallenin kedileri,2026-09-12T08:14:23Z,134,5,1,6
2026-09-15T08:40:03+00:00,Sabah Boğaz’da bisiklet sürmek..,2026-09-09T08:30:05Z,1094,11,1,6
2026-09-15T09:40:03+00:00,15 September 2026,2026-09-15T09:34:22Z,1,0,1,6
2026-09-15T09:40:03+00:00,Kuzguncuk'ta bir cumartesi,2026-09-13T10:56:41Z,674,9,4,6
2026-09-15T09:40:03+00:00,Mahallenin kedileri,2026-09-12T08:14:23Z,134,5,1,6
2026-09-15T09:40:03+00:00,Sabah Boğaz’da bisiklet sürmek..,2026-09-09T08:30:05Z,1094,11,1,6
2026-09-15T10:40:02+00:00,15 September 2026,2026-09-15T09:34:22Z,2,0,1,6
2026-09-15T10:40:02+00:00,Kuzguncuk'ta bir cumartesi,2026-09-13T10:56:41Z,674,9,4,6
2026-09-15T10:40:02+00:00,Mahallenin kedileri,2026-09-12T08:14:23Z,134,5,1,6
2026-09-15T10:40:02+00:00,Sabah Boğaz’da bisiklet sürmek..,2026-09-09T08:30:05Z,1094,11,1,6
2026-09-15T11:40:03+00:00,15 September 2026,2026-09-15T09:34:22Z,4,0,1,6
2026-09-15T11:40:03+00:00,Kuzguncuk'ta bir cumartesi,2026-09-13T10:56:41Z,677,9,4,6
2026-09-15T11:40:03+00:00,Mahallenin kedileri,2026-09-12T08:14:23Z,134,5,1,6
2026-09-15T11:40:03+00:00,Sabah Boğaz’da bisiklet sürmek..,2026-09-09T08:30:05Z,1094,11,1,6
2026-09-15T12:40:02+00:00,15 September 2026,2026-09-15T09:34:22Z,29,1,1,6
2026-09-15T12:40:02+00:00,Kuzguncuk'ta bir cumartesi,2026-09-13T10:56:41Z,677,9,4,6
2026-09-15T12:40:02+00:00,Mahallenin kedileri,2026-09-12T08:14:23Z,134,5,1,6
2026-09-15T12:40:02+00:00,Sabah Boğaz’da bisiklet sürmek..,2026-09-09T08:30:05Z,1094,11,1,6
2026-09-15T13:40:02+00:00,15 September 2026,2026-09-15T09:34:22Z,91,2,1,6
2026-09-15T13:40:02+00:00,Kuzguncuk'ta bir cumartesi,2026-09-13T10:56:41Z,677,9,4,6
2026-09-15T13:40:02+00:00,Mahallenin kedileri,2026-09-12T08:14:23Z,134,5,1,6
2026-09-15T13:40:02+00:00,Sabah Boğaz’da bisiklet sürmek..,2026-09-09T08:30:05Z,1094,11,1,6
2026-09-15T14:40:02+00:00,15 September 2026,2026-09-15T09:34:22Z,100,3,1,6
2026-09-15T14:40:02+00:00,Kuzguncuk'ta bir cumartesi,2026-09-13T10:56:41Z,678,9,4,6
2026-09-15T14:40:02+00:00,Mahallenin kedileri,2026-09-12T08:14:23Z,134,5,1,6
2026-09-15T14:40:02+00:00,Sabah Boğaz’da bisiklet sürmek..,2026-09-09T08:30:05Z,1094,11,1,6
2026-09-15T15:40:02+00:00,15 September 2026,2026-09-15T09:34:22Z,104,4,1,6
2026-09-15T15:40:02+00:00,Kuzguncuk'ta bir cumartesi,2026-09-13T10:56:41Z,678,9,4,6
2026-09-15T15:40:02+00:00,Mahallenin kedileri,2026-09-12T08:14:23Z,134,5,1,6
2026-09-15T15:40:02+00:00,Sabah Boğaz’da bisiklet sürmek..,2026-09-09T08:30:05Z,1094,11,1,6
2026-09-15T16:40:02+00:00,15 September 2026,2026-09-15T09:34:22Z,104,4,1,6
2026-09-15T16:40:02+00:00,Kuzguncuk'ta bir cumartesi,2026-09-13T10:56:41Z,678,9,4,6
2026-09-15T16:40:02+00:00,Mahallenin kedileri,2026-09-12T08:14:23Z,134,5,1,6
2026-09-15T16:40:02+00:00,Sabah Boğaz’da bisiklet sürmek..,2026-09-09T08:30:05Z,1094,11,1,6
2026-09-15T17:40:03+00:00,15 September 2026,2026-09-15T09:34:22Z,104,4,1,6
2026-09-15T17:40:03+00:00,Kuzguncuk'ta bir cumartesi,2026-09-13T10:56:41Z,678,9,4,6
2026-09-15T17:40:03+00:00,Mahallenin kedileri,2026-09-12T08:14:23Z,135,5,1,6
2026-09-15T17:40:03+00:00,Sabah Boğaz’da bisiklet sürmek..,2026-09-09T08:30:05Z,1094,11,1,6
2026-09-15T18:40:04+00:00,15 September 2026,2026-09-15T09:34:22Z,123,4,1,6
2026-09-15T18:40:04+00:00,Kuzguncuk'ta bir cumartesi,2026-09-13T10:56:41Z,678,9,4,6
2026-09-15T18:40:04+00:00,Mahallenin kedileri,2026-09-12T08:14:23Z,135,5,1,6
2026-09-15T18:40:04+00:00,Sabah Boğaz’da bisiklet sürmek..,2026-09-09T08:30:05Z,1095,11,1,6
2026-09-15T19:40:03+00:00,15 September 2026,2026-09-15T09:34:22Z,123,4,1,6
2026-09-15T19:40:03+00:00,Kuzguncuk'ta bir cumartesi,2026-09-13T10:56:41Z,678,9,4,6
2026-09-15T19:40:03+00:00,Mahallenin kedileri,2026-09-12T08:14:23Z,135,5,1,6
2026-09-15T19:40:03+00:00,Sabah Boğaz’da bisiklet sürmek..,2026-09-09T08:30:05Z,1095,11,1,6
2026-09-15T20:40:03+00:00,15 September 2026,2026-09-15T09:34:22Z,112,4,1,6
2026-09-15T20:40:03+00:00,Kuzguncuk'ta bir cumartesi,2026-09-13T10:56:41Z,679,9,4,6
2026-09-15T20:40:03+00:00,Mahallenin kedileri,2026-09-12T08:14:23Z,135,5,1,6
2026-09-15T20:40:03+00:00,Sabah Boğaz’da bisiklet sürmek..,2026-09-09T08:30:05Z,1095,11,1,6
2026-09-15T21:40:02+00:00,15 September 2026,2026-09-15T09:34:22Z,135,4,1,6
2026-09-15T21:40:02+00:00,Kuzguncuk'ta bir cumartesi,2026-09-13T10:56:41Z,679,9,4,6
2026-09-15T21:40:02+00:00,Mahallenin kedileri,2026-09-12T08:14:23Z,135,5,1,6
2026-09-15T21:40:02+00:00,Sabah Boğaz’da bisiklet sürmek..,2026-09-09T08:30:05Z,1095,11,1,6
2026-09-15T22:40:02+00:00,15 September 2026,2026-09-15T09:34:22Z,142,4,1,6
2026-09-15T22:40:02+00:00,Kuzguncuk'ta bir cumartesi,2026-09-13T10:56:41Z,679,9,4,6
2026-09-15T22:40:02+00:00,Mahallenin kedileri,2026-09-12T08:14:23Z,135,5,1,6
2026-09-15T22:40:02+00:00,Sabah Boğaz’da bisiklet sürmek..,2026-09-09T08:30:05Z,1095,11,1,6
2026-09-15T23:40:02+00:00,15 September 2026,2026-09-15T09:34:22Z,142,4,1,6
2026-09-15T23:40:02+00:00,Kuzguncuk'ta bir cumartesi,2026-09-13T10:56:41Z,679,9,4,6
2026-09-15T23:40:02+00:00,Mahallenin kedileri,2026-09-12T08:14:23Z,135,5,1,6
2026-09-15T23:40:02+00:00,Sabah Boğaz’da bisiklet sürmek..,2026-09-09T08:30:05Z,1095,11,1,6
2026-09-16T00:40:03+00:00,15 September 2026,2026-09-15T09:34:22Z,142,4,1,6
2026-09-16T00:40:03+00:00,Kuzguncuk'ta bir cumartesi,2026-09-13T10:56:41Z,679,9,4,6
2026-09-16T00:40:03+00:00,Mahallenin kedileri,2026-09-12T08:14:23Z,135,5,1,6
2026-09-16T00:40:03+00:00,Sabah Boğaz’da bisiklet sürmek..,2026-09-09T08:30:05Z,1095,11,1,6
2026-09-16T01:40:03+00:00,15 September 2026,2026-09-15T09:34:22Z,145,5,1,6
2026-09-16T01:40:03+00:00,Kuzguncuk'ta bir cumartesi,2026-09-13T10:56:41Z,679,9,4,6
2026-09-16T01:40:03+00:00,Mahallenin kedileri,2026-09-12T08:14:23Z,135,5,1,6
2026-09-16T01:40:03+00:00,Sabah Boğaz’da bisiklet sürmek..,2026-09-09T08:30:05Z,1095,11,1,6
2026-09-16T02:40:03+00:00,15 September 2026,2026-09-15T09:34:22Z,152,6,1,6
2026-09-16T02:40:03+00:00,Kuzguncuk'ta bir cumartesi,2026-09-13T10:56:41Z,679,9,4,6
2026-09-16T02:40:03+00:00,Mahallenin kedileri,2026-09-12T08:14:23Z,135,5,1,6
2026-09-16T02:40:03+00:00,Sabah Boğaz’da bisiklet sürmek..,2026-09-09T08:30:05Z,1095,11,1,6
2026-09-16T03:40:03+00:00,15 September 2026,2026-09-15T09:34:22Z,152,6,1,6
2026-09-16T03:40:03+00:00,Kuzguncuk'ta bir cumartesi,2026-09-13T10:56:41Z,679,9,4,6
2026-09-16T03:40:03+00:00,Mahallenin kedileri,2026-09-12T08:14:23Z,135,5,1,6
2026-09-16T03:40:03+00:00,Sabah Boğaz’da bisiklet sürmek..,2026-09-09T08:30:05Z,1095,11,1,6
2026-09-16T04:40:02+00:00,15 September 2026,2026-09-15T09:34:22Z,152,6,1,6
2026-09-16T04:40:02+00:00,Kuzguncuk'ta bir cumartesi,2026-09-13T10:56:41Z,679,9,4,6
2026-09-16T04:40:02+00:00,Mahallenin kedileri,2026-09-12T08:14:23Z,135,5,1,6
2026-09-16T04:40:02+00:00,Sabah Boğaz’da bisiklet sürmek..,2026-09-09T08:30:05Z,1095,11,1,6
2026-09-16T05:40:02+00:00,15 September 2026,2026-09-15T09:34:22Z,152,6,1,6
2026-09-16T05:40:02+00:00,Kuzguncuk'ta bir cumartesi,2026-09-13T10:56:41Z,679,9,4,6
2026-09-16T05:40:02+00:00,Mahallenin kedileri,2026-09-12T08:14:23Z,135,5,1,6
2026-09-16T05:40:02+00:00,Sabah Boğaz’da bisiklet sürmek..,2026-09-09T08:30:05Z,1095,11,1,6
2026-09-16T06:40:02+00:00,15 September 2026,2026-09-15T09:34:22Z,153,6,1,6
2026-09-16T06:40:02+00:00,Kuzguncuk'ta bir cumartesi,2026-09-13T10:56:41Z,679,9,4,6
2026-09-16T06:40:02+00:00,Mahallenin kedileri,2026-09-12T08:14:23Z,135,5,1,6
2026-09-16T06:40:02+00:00,Sabah Boğaz’da bisiklet sürmek..,2026-09-09T08:30:05Z,1095,11,1,6
2026-09-16T07:40:03+00:00,Bu bina kilise değil.,2026-09-15T09:34:22Z,379,7,1,6
2026-09-16T07:40:03+00:00,Kuzguncuk'ta bir cumartesi,2026-09-13T10:56:41Z,679,9,4,6
2026-09-16T07:40:03+00:00,Mahallenin kedileri,2026-09-12T08:14:23Z,135,5,1,6
2026-09-16T07:40:03+00:00,Sabah Boğaz’da bisiklet sürmek..,2026-09-09T08:30:05Z,1095,11,1,6
2026-09-16T08:40:03+00:00,Bu bina kilise değil.,2026-09-15T09:34:22Z,887,13,1,8
2026-09-16T08:40:03+00:00,Kuzguncuk'ta bir cumartesi,2026-09-13T10:56:41Z,679,9,4,8
2026-09-16T08:40:03+00:00,Mahallenin kedileri,2026-09-12T08:14:23Z,135,5,1,8
2026-09-16T08:40:03+00:00,Sabah Boğaz’da bisiklet sürmek..,2026-09-09T08:30:05Z,1095,11,1,8
2026-09-16T09:40:03+00:00,Bu bina kilise değil.,2026-09-15T09:34:22Z,887,13,1,8
2026-09-16T09:40:03+00:00,Kuzguncuk'ta bir cumartesi,2026-09-13T10:56:41Z,679,9,4,8
2026-09-16T09:40:03+00:00,Mahallenin kedileri,2026-09-12T08:14:23Z,135,5,1,8
2026-09-16T09:40:03+00:00,Sabah Boğaz’da bisiklet sürmek..,2026-09-09T08:30:05Z,1095,11,1,8
2026-09-16T10:40:03+00:00,Bu bina kilise değil.,2026-09-15T09:34:22Z,887,13,1,8
2026-09-16T10:40:03+00:00,Kuzguncuk'ta bir cumartesi,2026-09-13T10:56:41Z,679,9,4,8
2026-09-16T10:40:03+00:00,Mahallenin kedileri,2026-09-12T08:14:23Z,135,5,1,8
2026-09-16T10:40:03+00:00,Sabah Boğaz’da bisiklet sürmek..,2026-09-09T08:30:05Z,1095,11,1,8
2026-09-16T11:40:02+00:00,Bu bina kilise değil.,2026-09-15T09:34:22Z,887,13,1,8
2026-09-16T11:40:02+00:00,Kuzguncuk'ta bir cumartesi,2026-09-13T10:56:41Z,679,9,4,8
2026-09-16T11:40:02+00:00,Mahallenin kedileri,2026-09-12T08:14:23Z,135,5,1,8
2026-09-16T11:40:02+00:00,Sabah Boğaz’da bisiklet sürmek..,2026-09-09T08:30:05Z,1095,11,1,8
2026-09-16T12:40:03+00:00,Bu bina kilise değil.,2026-09-15T09:34:22Z,887,13,1,8
2026-09-16T12:40:03+00:00,Kuzguncuk'ta bir cumartesi,2026-09-13T10:56:41Z,679,9,4,8
2026-09-16T12:40:03+00:00,Mahallenin kedileri,2026-09-12T08:14:23Z,138,5,1,8
2026-09-16T12:40:03+00:00,Sabah Boğaz’da bisiklet sürmek..,2026-09-09T08:30:05Z,1101,11,1,8
2026-09-16T13:40:03+00:00,Bu bina kilise değil.,2026-09-15T09:34:22Z,998,13,1,8
2026-09-16T13:40:03+00:00,"Aynı sokakta cami, kilise ve sinagog",2026-09-13T10:56:41Z,683,9,4,8
2026-09-16T13:40:03+00:00,Mahallenin kedileri,2026-09-12T08:14:23Z,138,5,1,8
2026-09-16T13:40:03+00:00,Sabah Boğaz’da bisiklet sürmek..,2026-09-09T08:30:05Z,1101,11,1,8
